Time,Tree,Shoot,Length,Width,Area,
EARLY,11,SC,125,32,28.8,
EARLY,11,SC,300,50,106.7,
EARLY,11,SC,300,43,86.5,
EARLY,11,SC,225,35,61.4,
EARLY,11,SC,228,37,68.2,
EARLY,11,SC,120,24,22.2,
EARLY,11,SC,340,46,113.5,
EARLY,11,SC,138,38,37.6,
EARLY,11,SC,270,44,80.5,
EARLY,11,SC,261,43,76.3,
EARLY,11,SC,239,44,75.6,
EARLY,11,SC,100,19,13.6,
EARLY,11,SC,221,35,52.2,
EARLY,11,SC,187,30,41.3,
EARLY,11,SC,120,25,24.6,
EARLY,11,SC,267,46,89,
EARLY,11,SC,210,44,71.4,
EARLY,11,SC,270,48,93.2,
EARLY,11,SC,214,45,75.4,
EARLY,11,SC,120,25,23.4,
EARLY,11,SC,271,40,76.6,
EARLY,11,SC,225,55,97.3,
EARLY,11,SC,330,49,112.5,
EARLY,11,SC,215,57,70.8,
EARLY,11,SC,240,39,66.5,
EARLY,11,SC,235,38,67.1,
EARLY,11,SC,268,46,79.6,
EARLY,11,SC,210,31,50.8,
EARLY,11,SC,117,19,17.8,
EARLY,11,SC,81,28,13.2,
EARLY,13,SC,257,44,80.7,
EARLY,13,SC,240,41,69.7,
EARLY,13,SC,260,38,66,
EARLY,13,SC,160,32,36.2,
EARLY,13,SC,183,33,45.5,
EARLY,13,SC,194,40,64,
EARLY,13,SC,90,18,12.1,
EARLY,13,SC,110,25,21.8,
EARLY,13,SC,251,47,92.2,
EARLY,13,SC,240,51,81.8,
EARLY,13,SC,263,46,75.9,
EARLY,13,SC,251,41,71.9,
EARLY,13,SC,174,30,37.7,
EARLY,13,SC,166,30,38.3,
EARLY,13,SC,253,44,80.5,
EARLY,13,SC,272,43,78.6,
EARLY,13,SC,213,44,76.6,
EARLY,13,SC,220,46,71,
EARLY,13,SC,219,42,65.5,
EARLY,13,SC,150,25,27.9,
EARLY,13,SC,263,44,79,
EARLY,13,SC,272,43,78.6,
EARLY,13,SC,164,31,38.4,
EARLY,13,SC,243,37,59,
EARLY,13,SC,257,48,85.1,
EARLY,13,SC,120,25,21.3,
EARLY,13,SC,265,46,84,
EARLY,12,BC,165,33,42.5,
EARLY,12,BC,195,40,53.9,
EARLY,12,BC,70,7,6.8,
EARLY,12,BC,150,31,37.4,
EARLY,12,BC,238,37,71.9,
EARLY,12,BC,233,42,68.3,
EARLY,12,BC,170,29,35.7,
EARLY,12,BC,224,36,78,
EARLY,12,BC,205,46,65.5,
EARLY,12,BC,257,54,91.1,
EARLY,12,BC,172,31,40.3,
EARLY,3,BC,59,11,4.7,
EARLY,3,BC,160,32,39.8,
EARLY,3,BC,152,28,33.7,
EARLY,3,BC,193,35,50.2,
EARLY,3,BC,235,44,79.1,
EARLY,3,BC,260,40,74.5,
EARLY,3,BC,210,37,63,
EARLY,3,BC,270,37,78.8,
EARLY,3,BC,245,44,80.2,
EARLY,3,BC,294,46,96,
EARLY,13,BC,50,6,4.6,
EARLY,13,BC,123,25,24,
EARLY,13,BC,50,13,4.8,
EARLY,13,BC,55,12,5.6,
EARLY,13,BC,210,42,67.9,
EARLY,13,BC,190,38,58,
EARLY,13,BC,44,12,4.4,
EARLY,13,BC,206,45,72.3,
EARLY,13,BC,272,53,110.8,
EARLY,13,BC,276,58,115.6,
EARLY,13,BC,221,46,80,
EARLY,13,BC,269,52,106.1,
EARLY,13,BC,110,28,20.9,
EARLY,13,BC,264,48,102.9,
EARLY,13,BC,146,37,43.6,
EARLY,13,BC,246,58,112.9,
EARLY,13,BC,170,47,65.1,
EARLY,13,BC,57,13,5.6,
EARLY,13,BC,269,52,109.4,
EARLY,13,BC,210,47,78,
EARLY,13,BC,283,54,117,
EARLY,13,BC,180,50,71.1,
EARLY,13,BC,110,39,32.3,
EARLY,13,BC,231,51,83.8,
EARLY,13,BC,82,19,12,
EARLY,13,BC,286,58,119.3,
EARLY,13,BC,142,29,35.4,
EARLY,13,BC,148,29,31.4,
EARLY,13,BC,118,30,31.3,
EARLY,13,BC,132,34,33.9,
EARLY,13,BC,197,31,45.4,
EARLY,13,BC,164,22,28.8,
EARLY,13,BC,178,29,38.1,
EARLY,13,BC,227,38,61.3,
EARLY,13,BC,176,30,40.6,
EARLY,13,BC,155,18,21.4,
EARLY,16,SC,249,49,81.4,
EARLY,16,SC,235,61,102.4,
EARLY,16,SC,228,46,75.1,
EARLY,16,SC,375,55,131.8,
EARLY,16,SC,279,55,104.2,
EARLY,16,SC,263,53,98.1,
EARLY,16,SC,337,64,137.5,
EARLY,16,SC,297,50,97.2,
EARLY,16,SC,237,41,66.1,
EARLY,16,SC,324,58,113.8,
EARLY,16,SC,227,49,79.5,
EARLY,16,SC,180,33,44.6,
EARLY,16,SC,170,40,47.5,
EARLY,16,SC,271,42,78,
EARLY,16,SC,172,58,76.7,
EARLY,16,SC,255,41,71.2,
EARLY,16,SC,255,63,112.3,
EARLY,16,SC,404,55,135.8,
EARLY,16,SC,370,57,121,
EARLY,16,SC,330,48,94.3,
EARLY,16,SC,320,62,124.6,
EARLY,16,SC,276,65,121,
EARLY,16,SC,195,28,39.3,
EARLY,16,SC,133,21,17.6,
EARLY,16,SC,186,28,31.8,
EARLY,16,SC,180,32,34.8,
EARLY,16,SC,320,45,97.9,
EARLY,16,SC,206,38,44.9,
EARLY,16,SC,110,26,16.8,
EARLY,16,SC,136,30,31.5,
EARLY,16,SC,160,41,46.8,
EARLY,16,SC,160,33,38.1,
EARLY,16,SC,152,40,41.1,
EARLY,16,SC,84,14,8.3,
EARLY,16,SC,110,19,15,
EARLY,5,SC,95,30,21.8,
EARLY,5,SC,168,46,59.1,
EARLY,5,SC,253,52,94.6,
EARLY,5,SC,320,60,124.8,
EARLY,5,SC,298,48,96,
EARLY,5,SC,80,23,13.9,
EARLY,5,SC,224,47,75,
EARLY,5,SC,180,44,62.4,
EARLY,5,SC,157,37,43.8,
EARLY,5,SC,213,48,72,
EARLY,5,SC,284,49,93.2,
EARLY,5,SC,253,50,92.2,
EARLY,5,SC,333,47,109.3,
EARLY,5,SC,294,51,106.4,
EARLY,5,SC,83,19,12.5,
EARLY,5,SC,218,48,73,
EARLY,5,SC,248,44,83.2,
EARLY,5,SC,199,41,59.1,
EARLY,5,SC,89,20,14,
EARLY,5,SC,103,28,20.4,
EARLY,5,SC,184,42,57.4,
EARLY,5,SC,193,41,59.9,
EARLY,5,SC,100,19,18.1,
EARLY,5,SC,52,11,4.4,
EARLY,5,SC,185,38,55,
EARLY,5,SC,247,44,83.9,
EARLY,5,SC,250,43,74,
EARLY,5,SC,330,50,113.9,
EARLY,5,SC,335,57,135.6,
EARLY,5,SC,298,50,104.1,
EARLY,10,SC,305,42,85.4,
EARLY,10,SC,145,37,39.1,
EARLY,10,SC,178,52,73.6,
EARLY,10,SC,228,56,92,
EARLY,10,SC,313,44,87.7,
EARLY,10,SC,270,48,84.9,
EARLY,10,SC,271,48,77.7,
EARLY,10,SC,135,32,32.6,
EARLY,10,SC,182,53,77.3,
EARLY,10,SC,203,43,61.4,
EARLY,10,SC,209,44,63.4,
EARLY,10,SC,205,50,71.9,
EARLY,10,SC,240,43,72.6,
EARLY,10,SC,173,50,66,
EARLY,10,SC,137,35,34.9,
EARLY,10,SC,157,35,40.8,
EARLY,10,SC,245,40,67,
EARLY,10,SC,230,54,82.4,
EARLY,10,SC,185,57,81.1,
EARLY,10,SC,220,45,72.9,
EARLY,10,SC,119,31,34.2,
EARLY,10,SC,223,47,75.4,
EARLY,10,SC,210,42,53.1,
EARLY,10,SC,111,49,46.5,
EARLY,10,SC,227,53,85.4,
EARLY,10,BC,74,22,15.5,
EARLY,10,BC,165,38,47.3,
EARLY,10,BC,188,36,46.2,
EARLY,10,BC,135,49,54,
EARLY,10,BC,194,38,28.1,
EARLY,10,BC,171,47,50.9,
EARLY,10,BC,132,55,55.4,
EARLY,10,BC,108,22,17.9,
EARLY,10,BC,65,21,10.6,
EARLY,10,BC,145,42,52.2,
EARLY,10,BC,162,37,43.1,
EARLY,10,BC,137,50,55.2,
EARLY,10,BC,181,32,41.7,
EARLY,10,BC,138,42,40.7,
EARLY,10,BC,147,60,67.5,
EARLY,10,BC,130,34,29.3,
EARLY,10,BC,131,35,31.6,
EARLY,10,BC,144,24,24.3,
EARLY,10,BC,83,31,20.9,
EARLY,10,BC,153,38,44.9,
EARLY,10,BC,150,41,47.6,
EARLY,10,BC,170,44,49.7,
EARLY,10,BC,115,21,16.7,
EARLY,10,BC,174,41,54.7,
EARLY,10,BC,160,29,30.3,
EARLY,10,BC,195,39,47.8,
EARLY,10,BC,118,49,45.3,
EARLY,10,BC,183,35,44.5,
EARLY,10,BC,104,21,20.1,
EARLY,10,BC,154,50,59.1,
EARLY,10,BC,184,35,42.7,
EARLY,10,BC,134,32,28.6,
EARLY,10,BC,190,29,36.3,
EARLY,10,BC,170,44,54.3,
EARLY,10,BC,140,45,49.8,
EARLY,10,BC,101,18,13.5,
EARLY,10,BC,159,27,30.8,
EARLY,10,BC,145,38,37,
EARLY,10,BC,117,17,15.4,
EARLY,10,BC,141,26,26.4,
EARLY,10,BC,120,40,29.7,
EARLY,10,BC,195,35,47.2,
EARLY,10,BC,157,28,31.5,
EARLY,10,BC,135,21,21.1,
EARLY,10,BC,117,30,28.2,
EARLY,10,BC,150,27,29.6,
EARLY,10,BC,179,26,32.4,
EARLY,10,BC,192,38,46.7,
EARLY,5,BC,150,53,61,
EARLY,5,BC,224,55,84.6,
EARLY,5,BC,290,49,91.2,
EARLY,5,BC,189,55,82.3,
EARLY,5,BC,250,63,111.9,
EARLY,5,BC,170,53,69.2,
EARLY,5,BC,250,67,124.8,
EARLY,5,BC,145,48,56.7,
EARLY,5,BC,268,58,97.9,
EARLY,5,BC,165,56,72.3,
EARLY,5,BC,200,66,100.8,
EARLY,5,BC,240,54,95.2,
EARLY,5,BC,265,38,64.3,
EARLY,5,BC,320,46,91.2,
EARLY,5,BC,274,44,78,
EARLY,5,BC,198,55,87.9,
EARLY,5,BC,205,64,100.7,
EARLY,5,BC,227,54,85.9,
EARLY,5,BC,184,42,53.5,
EARLY,5,BC,213,59,93.7,
EARLY,5,BC,140,49,46.4,
EARLY,5,BC,130,47,49.5,
EARLY,5,BC,190,51,73.4,
EARLY,5,BC,255,38,58.9,
EARLY,5,BC,283,51,96.9,
EARLY,5,BC,179,53,76.1,
EARLY,9,SC,200,49,72.6,
EARLY,9,SC,54,9,7.9,
EARLY,9,SC,295,50,85.9,
EARLY,9,SC,239,47,88,
EARLY,9,SC,286,60,122.2,
EARLY,9,SC,208,66,103,
EARLY,9,SC,64,9,7.6,
EARLY,9,SC,105,39,28,
EARLY,9,SC,216,55,88.7,
EARLY,9,SC,245,46,80.9,
EARLY,9,SC,249,42,87.8,
EARLY,9,SC,149,47,56.4,
EARLY,9,SC,245,56,92.7,
EARLY,9,SC,235,50,70,
EARLY,9,SC,282,59,112.5,
EARLY,9,SC,280,53,107.2,
EARLY,9,SC,212,61,95,
EARLY,9,SC,336,48,105.4,
EARLY,9,SC,137,50,53.8,
EARLY,9,SC,238,47,79.4,
EARLY,9,SC,248,41,76.1,
EARLY,9,SC,76,14,8.7,
EARLY,9,SC,235,42,85.1,
EARLY,9,SC,230,43,75.2,
EARLY,9,SC,220,44,75,
EARLY,9,SC,237,52,88,
EARLY,9,SC,289,57,106.7,
EARLY,9,SC,267,52,91.1,
EARLY,9,SC,230,41,72.7,
EARLY,9,SC,327,42,100.4,
EARLY,9,SC,300,49,108.6,
EARLY,9,SC,305,53,106.2,
EARLY,9,SC,55,12,5.3,
EARLY,9,SC,205,55,86.4,
EARLY,9,SC,265,42,72.7,
EARLY,9,SC,178,38,43.7,
EARLY,9,SC,180,40,38.7,
EARLY,9,SC,282,54,106.5,
EARLY,9,SC,135,43,47.3,
EARLY,9,SC,230,34,55.1,
EARLY,9,SC,235,27,45.2,
EARLY,9,SC,150,31,26.8,
EARLY,9,SC,197,38,56.7,
EARLY,9,SC,128,49,44.4,
EARLY,9,SC,108,21,17.4,
EARLY,9,SC,96,15,11.6,
EARLY,9,SC,100,19,13,
EARLY,9,SC,70,12,9.5,
EARLY,9,SC,85,14,8.1,
EARLY,9,SC,230,31,57.1,
EARLY,9,SC,222,32,53.6,
EARLY,9,SC,241,44,71.2,
EARLY,9,SC,230,42,87.9,
EARLY,9,SC,327,56,146.6,
EARLY,9,SC,154,23,23.3,
EARLY,9,SC,128,39,23.5,
EARLY,9,SC,87,45,28.5,
EARLY,9,SC,220,27,45.3,
EARLY,9,SC,300,56,129.6,
EARLY,9,SC,258,38,77.5,
EARLY,9,SC,93,45,30,
EARLY,9,SC,220,44,76,
EARLY,9,SC,90,48,31.7,
EARLY,9,SC,270,40,84,
EARLY,9,SC,95,39,27.9,
EARLY,9,SC,120,18,14.9,
EARLY,9,SC,104,9,11,
EARLY,9,SC,180,32,36.8,
EARLY,9,SC,205,41,52.8,
EARLY,9,SC,150,21,24.3,
EARLY,9,SC,212,41,65.2,
EARLY,9,SC,216,32,44.3,
EARLY,9,SC,220,52,72.7,
EARLY,9,SC,180,35,44.3,
EARLY,9,SC,258,40,73.9,
EARLY,9,SC,135,41,47.8,
EARLY,9,SC,245,34,58.3,
EARLY,9,SC,158,35,40,
EARLY,9,SC,122,17,13,
EARLY,9,SC,120,14,10.9,
EARLY,9,SC,235,41,69,
EARLY,9,SC,137,40,43.6,
EARLY,9,SC,123,24,19.7,
EARLY,9,SC,125,24,20.6,
EARLY,9,SC,100,21,15.3,
EARLY,9,SC,125,14,15.2,
EARLY,9,SC,92,20,9.6,
EARLY,9,SC,60,20,9.5,
EARLY,9,SC,113,17,13.4,
EARLY,9,SC,135,15,13.3,
EARLY,9,SC,103,21,8.1,
EARLY,9,SC,80,12,6.5,
EARLY,9,SC,105,13,8.1,
EARLY,9,BC,296,37,85.8,
EARLY,9,BC,290,41,86.4,
EARLY,9,BC,240,38,68.4,
EARLY,9,BC,234,41,67.1,
EARLY,9,BC,243,40,69.7,
EARLY,9,BC,225,37,62.3,
EARLY,9,BC,263,42,78.2,
EARLY,9,BC,230,43,75,
EARLY,9,BC,230,29,51.6,
EARLY,9,BC,215,26,43.6,
EARLY,9,BC,222,37,62.7,
EARLY,9,BC,147,22,24.1,
EARLY,9,BC,217,30,49.1,
EARLY,9,BC,180,32,47.7,
EARLY,9,BC,294,45,89.6,
EARLY,9,BC,245,31,57.9,
EARLY,9,BC,232,31,65.3,
EARLY,9,BC,195,31,47.6,
EARLY,9,BC,250,31,58.6,
EARLY,9,BC,263,38,66.5,
EARLY,9,BC,215,30,50.8,
EARLY,9,BC,200,28,42.4,
EARLY,9,BC,230,32,56.7,
EARLY,9,BC,185,30,40,
EARLY,9,BC,75,21,16.7,
EARLY,9,BC,72,10,5.1,
EARLY,9,BC,95,13,9.3,
EARLY,9,BC,125,17,17.1,
EARLY,9,BC,140,12,9.8,
EARLY,9,BC,63,8,3.8,
EARLY,9,BC,73,8,4.5,
EARLY,9,BC,62,8,4,
EARLY,9,BC,76,10,5.7,
EARLY,9,BC,70,10,5,
EARLY,9,BC,60,10,4.5,
EARLY,18,TR,130,24,24,
EARLY,18,TR,290,36,66.4,
EARLY,18,TR,240,37,62.7,
EARLY,18,TR,270,41,52.1,
EARLY,18,TR,170,44,60.4,
EARLY,18,TR,225,40,67.1,
EARLY,18,TR,234,52,89.8,
EARLY,18,TR,347,45,84.8,
EARLY,18,TR,242,49,85.3,
EARLY,18,TR,270,42,69.5,
EARLY,18,TR,272,48,89.6,
EARLY,18,TR,260,36,68.8,
EARLY,18,TR,210,31,48.5,
EARLY,18,TR,290,38,68.7,
EARLY,18,TR,124,38,31.5,
EARLY,17,SC,170,35,43.8,
EARLY,17,SC,270,55,106.2,
EARLY,17,SC,280,50,101.1,
EARLY,17,SC,175,41,50.8,
EARLY,17,SC,143,42,43.1,
EARLY,17,SC,160,52,58.7,
EARLY,17,SC,240,41,80.7,
EARLY,17,SC,305,60,123.4,
EARLY,17,SC,268,55,104,
EARLY,17,SC,250,50,92.8,
EARLY,17,SC,235,39,65.7,
EARLY,17,SC,178,30,38.3,
EARLY,17,SC,238,34,58.1,
EARLY,17,SC,250,40,74.1,
EARLY,17,SC,170,33,45.8,
EARLY,17,SC,140,29,32.2,
EARLY,17,SC,124,41,37.3,
EARLY,3,TR,263,46,87,
EARLY,3,TR,163,44,53,
EARLY,3,TR,227,49,85.6,
EARLY,3,TR,255,46,82.4,
EARLY,3,TR,274,45,91.2,
EARLY,3,TR,230,40,75.3,
EARLY,3,TR,202,40,66.1,
EARLY,3,TR,82,12,10.4,
EARLY,3,TR,81,14,8.5,
EARLY,13,TR,270,48,92.2,
EARLY,13,TR,285,48,102,
EARLY,13,TR,250,50,92.4,
EARLY,13,TR,246,48,90.1,
EARLY,13,TR,221,45,78.5,
EARLY,13,TR,225,40,70.7,
EARLY,13,TR,110,23,19.6,
EARLY,13,TR,228,43,71.7,
EARLY,13,TR,242,43,75.7,
EARLY,13,TR,202,37,56.6,
EARLY,13,TR,235,41,75.9,
EARLY,13,TR,181,35,47.6,
EARLY,13,TR,209,41,64.7,
EARLY,13,TR,200,36,53.4,
EARLY,13,TR,205,36,56.3,
EARLY,13,TR,227,41,70.1,
EARLY,13,TR,225,45,81.8,
EARLY,13,TR,222,40,70.1,
EARLY,13,TR,230,39,64.2,
EARLY,13,TR,171,33,40.9,
EARLY,13,TR,217,43,75.9,
EARLY,13,TR,236,40,66.9,
EARLY,13,TR,100,19,14.8,
EARLY,13,TR,130,29,29.1,
EARLY,13,TR,73,13,7.4,
EARLY,13,TR,120,20,18.2,
EARLY,8,SC,212,31,44.3,
EARLY,8,SC,215,37,53.9,
EARLY,8,SC,167,27,35.2,
EARLY,8,SC,172,31,41.8,
EARLY,8,SC,185,33,43,
EARLY,8,SC,195,36,52.9,
EARLY,8,SC,185,31,42.2,
EARLY,8,SC,167,33,41.9,
EARLY,8,SC,190,38,54.8,
EARLY,8,SC,197,31,43.9,
EARLY,8,SC,245,40,65.9,
EARLY,8,SC,230,38,59.5,
EARLY,8,SC,220,43,69.5,
EARLY,8,SC,240,41,67.7,
EARLY,8,SC,137,25,27.4,
EARLY,8,SC,195,39,54.4,
EARLY,8,SC,250,42,71.7,
EARLY,8,SC,196,31,47.6,
EARLY,8,SC,180,33,44.7,
EARLY,8,SC,157,27,31.2,
EARLY,8,SC,220,38,57.2,
EARLY,8,SC,140,36,40,
EARLY,8,SC,160,35,36.8,
EARLY,8,SC,130,30,30,
EARLY,8,SC,95,24,15.1,
EARLY,8,SC,150,48,52.8,
EARLY,10,TR,175,62,83.5,
EARLY,10,TR,160,55,66.6,
EARLY,10,TR,210,55,82.5,
EARLY,10,TR,207,49,73.4,
EARLY,10,TR,233,44,62.8,
EARLY,10,TR,150,33,30,
EARLY,10,TR,220,40,58.1,
EARLY,10,TR,205,62,100,
EARLY,10,TR,187,57,85.3,
EARLY,10,TR,250,61,111.3,
EARLY,10,TR,228,54,85.4,
EARLY,10,TR,260,53,90.5,
EARLY,10,TR,240,48,76.8,
EARLY,10,TR,295,48,86.5,
EARLY,10,TR,245,44,66.6,
EARLY,10,TR,175,43,48.1,
EARLY,10,TR,195,38,45,
EARLY,3,BC,210,34,53.2,
EARLY,3,BC,147,31,38.6,
EARLY,3,BC,260,46,88,
EARLY,3,BC,242,45,83.4,
EARLY,3,BC,206,31,49.6,
EARLY,3,BC,207,37,59.3,
EARLY,3,BC,257,41,83.4,
EARLY,3,BC,255,43,82.3,
EARLY,3,BC,190,34,52.8,
EARLY,3,BC,110,22,18.5,
EARLY,3,BC,108,24,20.2,
EARLY,3,BC,100,17,13.1,
EARLY,3,BC,65,17,8.3,
EARLY,3,BC,52,12,3.9,
EARLY,8,BC,187,50,73.6,
EARLY,8,BC,185,51,80.7,
EARLY,8,BC,149,61,72.2,
EARLY,8,BC,224,48,73.6,
EARLY,8,BC,146,53,60.4,
EARLY,8,BC,220,55,88.9,
EARLY,8,BC,205,58,84.4,
EARLY,8,BC,140,60,66.2,
EARLY,8,BC,145,56,61.6,
EARLY,8,BC,213,50,69.9,
EARLY,8,BC,195,53,77,
EARLY,8,BC,215,53,84.3,
EARLY,8,BC,147,50,57.5,
EARLY,8,BC,124,42,38.2,
EARLY,8,BC,111,37,33.7,
EARLY,8,BC,136,56,58.9,
EARLY,8,BC,140,50,53.6,
EARLY,8,BC,140,42,48.4,
EARLY,2,TR,162,33,43.3,
EARLY,2,TR,150,32,41.9,
EARLY,2,TR,193,35,52,
EARLY,2,TR,82,17,10.6,
EARLY,2,TR,193,34,52.5,
EARLY,2,TR,192,40,54.8,
EARLY,2,TR,80,17,9.3,
EARLY,2,TR,136,35,36.6,
EARLY,2,TR,182,40,55.6,
EARLY,2,TR,192,39,58.2,
EARLY,2,TR,224,42,68.7,
EARLY,2,TR,216,41,59.5,
EARLY,2,TR,110,32,27.6,
EARLY,2,TR,170,33,44.2,
EARLY,2,TR,250,35,56.8,
EARLY,2,TR,185,37,51.1,
EARLY,2,TR,174,32,44.2,
EARLY,17,BC,250,41,74.1,
EARLY,17,BC,176,26,34.3,
EARLY,17,BC,228,36,62.9,
EARLY,17,BC,247,43,76.1,
EARLY,17,BC,245,44,72.4,
EARLY,17,BC,190,37,56.4,
EARLY,17,BC,186,35,37.1,
EARLY,17,BC,226,44,72.4,
EARLY,17,BC,198,36,47.4,
EARLY,17,BC,200,37,57.1,
EARLY,17,BC,221,45,74,
EARLY,17,BC,240,47,83.4,
EARLY,17,BC,219,38,63.8,
EARLY,17,BC,188,36,54.5,
EARLY,17,BC,225,49,84.8,
EARLY,17,BC,218,41,67,
EARLY,17,BC,138,24,25.5,
EARLY,17,BC,177,32,42.1,
EARLY,17,BC,75,12,6.9,
EARLY,18,SC,230,37,63.2,
EARLY,18,SC,253,35,59,
EARLY,18,SC,290,47,81.4,
EARLY,18,SC,248,32,55.6,
EARLY,18,SC,245,32,53.2,
EARLY,18,SC,255,33,57.1,
EARLY,18,SC,178,25,34.1,
EARLY,18,SC,265,41,70.8,
EARLY,18,SC,250,32,59.1,
EARLY,18,SC,285,39,67.9,
EARLY,18,SC,272,49,83.1,
EARLY,18,SC,270,40,74.3,
EARLY,18,SC,265,42,72.4,
EARLY,18,SC,270,45,80.4,
EARLY,18,SC,207,33,52.6,
EARLY,18,SC,285,41,74.1,
EARLY,18,SC,262,42,80.1,
EARLY,18,SC,290,38,67.3,
EARLY,18,SC,250,44,65.1,
EARLY,18,SC,288,41,77.2,
EARLY,18,SC,270,45,83.3,
EARLY,18,SC,142,23,22.9,
EARLY,18,SC,138,23,25.9,
EARLY,18,SC,138,23,26,
EARLY,14,BC,180,34,35.8,
EARLY,14,BC,210,43,66,
EARLY,14,BC,220,37,51.7,
EARLY,14,BC,235,45,66.4,
EARLY,14,BC,265,47,87.1,
EARLY,14,BC,195,34,45.2,
EARLY,14,BC,245,46,74.6,
EARLY,14,BC,210,46,71.3,
EARLY,14,BC,210,46,66.2,
EARLY,14,BC,250,48,84.7,
EARLY,14,BC,210,46,71.5,
EARLY,14,BC,215,47,71.1,
EARLY,14,BC,206,43,63.8,
EARLY,14,BC,186,40,55.2,
EARLY,14,BC,170,39,52.2,
EARLY,14,BC,173,26,28.5,
EARLY,14,BC,185,31,35.9,
EARLY,14,BC,186,41,56.2,
EARLY,14,BC,102,26,19.8,
EARLY,14,BC,58,13,5.2,
EARLY,14,BC,60,18,8.1,
LATE,1,BC,207,29,44.9,
LATE,1,BC,18,32,48.2,
LATE,1,BC,159,23,23.7,
LATE,1,BC,184,26,32.3,
LATE,1,BC,186,29,41.4,
LATE,1,BC,182,27,31.8,
LATE,1,BC,145,29,26,
LATE,1,BC,129,23,20.9,
LATE,1,BC,183,35,40.3,
LATE,1,BC,159,23,24.3,
LATE,1,BC,246,35,57.4,
LATE,1,BC,156,25,27.7,
LATE,1,BC,121,15,12.7,
LATE,1,BC,155,24,26.7,
LATE,1,BC,136,20,17,
LATE,1,BC,160,23,26.9,
LATE,1,BC,153,24,23.5,
LATE,1,BC,126,20,18.2,
LATE,1,BC,127,25,25.5,
LATE,5,BC,156,23,26.8,
LATE,5,BC,192,26,32.7,
LATE,5,BC,186,21,25.8,
LATE,5,BC,150,20,21.6,
LATE,5,BC,171,30,38,
LATE,5,BC,146,18,16.7,
LATE,5,BC,159,25,28.2,
LATE,5,BC,147,20,20.7,
LATE,5,BC,151,20,19.3,
LATE,5,BC,168,22,26.7,
LATE,8,BC,255,36,65.5,
LATE,8,BC,156,26,30.9,
LATE,8,BC,208,31,41.9,
LATE,8,BC,282,47,86,
LATE,8,BC,247,37,65.5,
LATE,8,BC,288,38,69.9,
LATE,8,BC,171,30,38.3,
LATE,8,BC,255,40,70.1,
LATE,8,BC,85,13,7.3,
LATE,8,BC,175,32,38.9,
LATE,8,BC,173,31,36.4,
LATE,8,BC,153,40,45.7,
LATE,6,SC,233,45,67.7,
LATE,6,SC,243,32,52.5,
LATE,6,SC,244,35,53.5,
LATE,6,SC,193,29,37.3,
LATE,6,SC,271,53,91.4,
LATE,3,SC,143,19,20.4,
LATE,3,SC,204,28,39.6,
LATE,3,SC,275,40,72.8,
LATE,3,SC,105,13,10.9,
LATE,3,SC,54,8,3.2,
LATE,3,SC,217,22,35.6,
LATE,3,SC,180,18,26.4,
LATE,3,SC,281,48,89.4,
LATE,3,SC,245,35,53.4,
LATE,3,SC,24,4,0.5,
LATE,3,SC,296,41,82.2,
LATE,3,SC,190,21,28,
LATE,3,SC,200,24,33.5,
LATE,3,SC,154,24,27.8,
LATE,3,SC,75,10,5.1,
LATE,3,SC,212,29,40.2,
LATE,3,SC,196,27,36,
LATE,3,SC,170,18,21.5,
LATE,3,SC,222,28,41.8,
LATE,3,SC,53,6,1.9,
LATE,3,SC,184,31,40.5,
LATE,3,SC,278,45,87.7,
LATE,3,SC,251,41,69.8,
LATE,3,SC,197,27,36.7,
LATE,3,SC,205,29,40.4,
LATE,3,SC,116,18,14.7,
LATE,3,SC,278,35,71,
LATE,3,SC,103,18,14.1,
LATE,3,SC,53,7,2.2,
LATE,3,SC,70,9,3.5,
LATE,3,SC,60,8,3,
LATE,3,SC,100,14,8.6,
LATE,3,SC,39,5,1.5,
LATE,9,SC,187,27,36.4,
LATE,9,SC,157,28,34.7,
LATE,9,SC,125,27,20.3,
LATE,9,SC,125,21,18.4,
LATE,9,SC,223,37,56.8,
LATE,9,SC,175,29,33.7,
LATE,9,SC,217,39,59.8,
LATE,9,SC,163,22,25.3,
LATE,9,SC,130,17,17.9,
LATE,9,SC,82,11,6.3,
LATE,9,SC,33,6,1.4,
LATE,9,SC,84,22,13.6,
LATE,9,SC,135,18,19.1,
LATE,9,SC,193,13,9.2,
LATE,9,SC,145,22,25,
LATE,9,SC,196,32,43.3,
LATE,9,SC,160,25,29.4,
LATE,9,TR,223,27,34.7,
LATE,9,TR,236,36,58.8,
LATE,9,TR,196,31,39.4,
LATE,9,TR,171,26,30.1,
LATE,9,TR,170,24,30.3,
LATE,7,TR,245,53,84.8,
LATE,7,TR,220,61,101.9,
LATE,7,TR,193,43,61.3,
LATE,7,TR,191,55,78.8,
LATE,7,TR,64,24,15.5,
LATE,7,TR,292,55,99,
LATE,7,TR,260,41,64.8,
LATE,3,TR,282,36,66.8,
LATE,3,TR,230,33,58,
LATE,3,TR,281,40,77.1,
LATE,3,TR,285,33,64.6,
LATE,3,TR,255,27,47.4,
LATE,3,TR,320,39,86.4,
LATE,3,TR,285,33,69.9,
,,,,,40962,
